municipio_norm,uf_sigla,municipio_ri_norm,observacao
TAPEJARA,PR,UMUARAMA,Sem RI proprio - circunscricao pertence ao RI de Umuarama (TJPR)
NOVA MARINGA,MT,SAO JOSE DO RIO CLARO,Sem RI proprio - comarca atendida pelo 1o Servico Registral de Sao Jose do Rio Claro
ACORIZAL,MT,ROSARIO OESTE,Importado da revisao - sugestao distancia (ROSARIO OESTE)
ALTO BOA VISTA,MT,SAO FELIX DO ARAGUAIA,Importado da revisao - sugestao distancia (SAO FELIX DO ARAGUAIA)
ALTO PARAGUAI,MT,DIAMANTINO,Importado da revisao - sugestao distancia (DIAMANTINO)
ARAGUAIANA,MT,BARRA DO GARCAS,Importado da revisao - sugestao distancia (BARRA DO GARCAS)
ARAGUAINHA,MT,ALTO GARCAS,Importado da revisao - sugestao distancia (ALTO GARCAS)
BARAO DE MELGACO,MT,VARZEA GRANDE,Importado da revisao - sugestao distancia (VARZEA GRANDE)
BOA ESPERANCA DO NORTE,MT,NOVA UBIRATA,Importado da revisao - sugestao distancia (NOVA UBIRATA)
BOM JESUS DO ARAGUAIA,MT,QUERENCIA,Importado da revisao - sugestao distancia (QUERENCIA)
CAMPOS DE JULIO,MT,COMODORO,Importado da revisao - sugestao distancia (COMODORO)
CANABRAVA DO NORTE,MT,PORTO ALEGRE DO NORTE,Importado da revisao - sugestao distancia (PORTO ALEGRE DO NORTE)
CARLINDA,MT,ALTA FLORESTA,Importado da revisao - sugestao distancia (ALTA FLORESTA)
CASTANHEIRA,MT,JUINA,Importado da revisao - sugestao distancia (JUINA)
COCALINHO,MT,AGUA BOA,Importado da revisao - sugestao distancia (AGUA BOA)
CONFRESA,MT,PORTO ALEGRE DO NORTE,Importado da revisao - sugestao distancia (PORTO ALEGRE DO NORTE)
CONQUISTA D'OESTE,MT,VILA BELA DA SANTISSIMA TRINDADE,Importado da revisao - sugestao distancia (VILA BELA DA SANTISSIMA TRINDADE)
CURVELANDIA,MT,MIRASSOL D'OESTE,Importado da revisao - sugestao distancia (MIRASSOL D'OESTE)
DENISE,MT,ARENAPOLIS,Importado da revisao - sugestao distancia (ARENAPOLIS)
FIGUEIROPOLIS D'OESTE,MT,JAURU,Importado da revisao - sugestao distancia (JAURU)
GAUCHA DO NORTE,MT,CANARANA,Importado da revisao - sugestao distancia (CANARANA)
GENERAL CARNEIRO,MT,BARRA DO GARCAS,Importado da revisao - sugestao distancia (BARRA DO GARCAS)
GLORIA D'OESTE,MT,PORTO ESPERIDIAO,Importado da revisao - sugestao distancia (PORTO ESPERIDIAO)
INDIAVAI,MT,ARAPUTANGA,Importado da revisao - sugestao distancia (ARAPUTANGA)
IPIRANGA DO NORTE,MT,SORRISO,Importado da revisao - sugestao distancia (SORRISO)
ITANHANGA,MT,TAPURAH,Importado da revisao - sugestao distancia (TAPURAH)
JANGADA,MT,ROSARIO OESTE,Importado da revisao - sugestao distancia (ROSARIO OESTE)
JURUENA,MT,COTRIGUACU,Importado da revisao - sugestao distancia (COTRIGUACU)
LAMBARI D'OESTE,MT,RIO BRANCO,Importado da revisao - sugestao distancia (RIO BRANCO)
LUCIARA,MT,SAO FELIX DO ARAGUAIA,Importado da revisao - sugestao distancia (SAO FELIX DO ARAGUAIA)
NOSSA SENHORA DO LIVRAMENTO,MT,VARZEA GRANDE,Importado da revisao - sugestao distancia (VARZEA GRANDE)
NOVA BANDEIRANTES,MT,NOVA MONTE VERDE,Importado da revisao - sugestao distancia (NOVA MONTE VERDE)
NOVA BRASILANDIA,MT,CAMPO VERDE,Importado da revisao - sugestao distancia (CAMPO VERDE)
NOVA GUARITA,MT,TERRA NOVA DO NORTE,Importado da revisao - sugestao distancia (TERRA NOVA DO NORTE)
NOVA LACERDA,MT,VILA BELA DA SANTISSIMA TRINDADE,Importado da revisao - sugestao distancia (VILA BELA DA SANTISSIMA TRINDADE)
NOVA MARILANDIA,MT,ARENAPOLIS,Importado da revisao - sugestao distancia (ARENAPOLIS)
NOVA NAZARE,MT,AGUA BOA,Importado da revisao - sugestao distancia (AGUA BOA)
NOVA OLIMPIA,MT,TANGARA DA SERRA,Importado da revisao - sugestao distancia (TANGARA DA SERRA)
NOVA SANTA HELENA,MT,ITAUBA,Importado da revisao - sugestao distancia (ITAUBA)
NOVO HORIZONTE DO NORTE,MT,PORTO DOS GAUCHOS,Importado da revisao - sugestao distancia (PORTO DOS GAUCHOS)
NOVO MUNDO,MT,GUARANTA DO NORTE,Importado da revisao - sugestao distancia (GUARANTA DO NORTE)
NOVO SANTO ANTONIO,MT,SAO FELIX DO ARAGUAIA,Importado da revisao - sugestao distancia (SAO FELIX DO ARAGUAIA)
PLANALTO DA SERRA,MT,PARANATINGA,Importado da revisao - sugestao distancia (PARANATINGA)
PONTAL DO ARAGUAIA,MT,BARRA DO GARCAS,Importado da revisao - sugestao distancia (BARRA DO GARCAS)
PONTE BRANCA,MT,ALTO ARAGUAIA,Importado da revisao - sugestao distancia (ALTO ARAGUAIA)
PORTO ESTRELA,MT,BARRA DO BUGRES,Importado da revisao - sugestao distancia (BARRA DO BUGRES)
RESERVA DO CABACAL,MT,RIO BRANCO,Importado da revisao - sugestao distancia (RIO BRANCO)
RIBEIRAOZINHO,MT,BARRA DO GARCAS,Importado da revisao - sugestao distancia (BARRA DO GARCAS)
RONDOLANDIA,MT,ARIPUANA,Importado da revisao - sugestao distancia (ARIPUANA)
SALTO DO CEU,MT,RIO BRANCO,Importado da revisao - sugestao distancia (RIO BRANCO)
SANTA CARMEM,MT,SINOP,Importado da revisao - sugestao distancia (SINOP)
SANTA CRUZ DO XINGU,MT,PORTO ALEGRE DO NORTE,Importado da revisao - sugestao distancia (PORTO ALEGRE DO NORTE)
SANTA RITA DO TRIVELATO,MT,NOVA MUTUM,Importado da revisao - sugestao distancia (NOVA MUTUM)
SANTA TEREZINHA,MT,VILA RICA,Importado da revisao - sugestao distancia (VILA RICA)
SANTO AFONSO,MT,ARENAPOLIS,Importado da revisao - sugestao distancia (ARENAPOLIS)
SANTO ANTONIO DO LESTE,MT,PARANATINGA,Importado da revisao - sugestao distancia (PARANATINGA)
SERRA NOVA DOURADA,MT,SAO FELIX DO ARAGUAIA,Importado da revisao - sugestao distancia (SAO FELIX DO ARAGUAIA)
SAO JOSE DO POVO,MT,PEDRA PRETA,Importado da revisao - sugestao distancia (PEDRA PRETA)
SAO JOSE DO XINGU,MT,PORTO ALEGRE DO NORTE,Importado da revisao - sugestao distancia (PORTO ALEGRE DO NORTE)
SAO PEDRO DA CIPA,MT,JUSCIMEIRA,Importado da revisao - sugestao distancia (JUSCIMEIRA)
TESOURO,MT,GUIRATINGA,Importado da revisao - sugestao distancia (GUIRATINGA)
TORIXOREU,MT,BARRA DO GARCAS,Importado da revisao - sugestao distancia (BARRA DO GARCAS)
UNIAO DO SUL,MT,MARCELANDIA,Importado da revisao - sugestao distancia (MARCELANDIA)
VALE DE SAO DOMINGOS,MT,JAURU,Importado da revisao - sugestao distancia (JAURU)
ABATIA,PR,RIBEIRAO DO PINHAL,Importado da revisao - sugestao distancia (RIBEIRAO DO PINHAL)
ADRIANOPOLIS,PR,BOCAIUVA DO SUL,Importado da revisao - sugestao distancia (BOCAIUVA DO SUL)
AGUDOS DO SUL,PR,FAZENDA RIO GRANDE,Importado da revisao - sugestao distancia (FAZENDA RIO GRANDE)
ALTAMIRA DO PARANA,PR,CAMPINA DA LAGOA,Importado da revisao - sugestao distancia (CAMPINA DA LAGOA)
ALTO PARAISO,PR,CERRO AZUL,Importado da revisao - sugestao distancia (CERRO AZUL)
ALVORADA DO SUL,PR,PORECATU,Importado da revisao - sugestao distancia (PORECATU)
AMAPORA,PR,PARAISO DO NORTE,Importado da revisao - sugestao distancia (PARAISO DO NORTE)
ANAHY,PR,NOVA AURORA,Importado da revisao - sugestao distancia (NOVA AURORA)
ANTONIO OLINTO,PR,SAO MATEUS DO SUL,Importado da revisao - sugestao distancia (SAO MATEUS DO SUL)
ARAPUA,PR,IVAIPORA,Importado da revisao - sugestao distancia (IVAIPORA)
ARARUNA,PR,PEABIRU,Importado da revisao - sugestao distancia (PEABIRU)
ARIRANHA DO IVAI,PR,MANOEL RIBAS,Importado da revisao - sugestao distancia (MANOEL RIBAS)
ATALAIA,PR,NOVA ESPERANCA,Importado da revisao - sugestao distancia (NOVA ESPERANCA)
BALSA NOVA,PR,CAMPO LARGO,Importado da revisao - sugestao distancia (CAMPO LARGO)
BARRA DO JACARE,PR,ANDIRA,Importado da revisao - sugestao distancia (ANDIRA)
BELA VISTA DA CAROBA,PR,REALEZA,Importado da revisao - sugestao distancia (REALEZA)
BITURUNA,PR,UNIAO DA VITORIA,Importado da revisao - sugestao distancia (UNIAO DA VITORIA)
BOA ESPERANCA,PR,GOIOERE,Importado da revisao - sugestao distancia (GOIOERE)
BOA ESPERANCA DO IGUACU,PR,SALTO DO LONTRA,Importado da revisao - sugestao distancia (SALTO DO LONTRA)
BOA VENTURA DE SAO ROQUE,PR,PITANGA,Importado da revisao - sugestao distancia (PITANGA)
BOA VISTA DA APARECIDA,PR,CAPITAO LEONIDAS MARQUES,Importado da revisao - sugestao distancia (CAPITAO LEONIDAS MARQUES)
BOM JESUS DO SUL,PR,BARRACAO,Importado da revisao - sugestao distancia (BARRACAO)
BOM SUCESSO,PR,JANDAIA DO SUL,Importado da revisao - sugestao distancia (JANDAIA DO SUL)
BOM SUCESSO DO SUL,PR,CERRO AZUL,Importado da revisao - sugestao distancia (CERRO AZUL)
BORRAZOPOLIS,PR,SAO JOAO DO IVAI,Importado da revisao - sugestao distancia (SAO JOAO DO IVAI)
BRAGANEY,PR,CORBELIA,Importado da revisao - sugestao distancia (CORBELIA)
BRASILANDIA DO SUL,PR,ALTO PIQUIRI,Importado da revisao - sugestao distancia (ALTO PIQUIRI)
CAFEARA,PR,CENTENARIO DO SUL,Importado da revisao - sugestao distancia (CENTENARIO DO SUL)
CAFELANDIA,PR,NOVA AURORA,Importado da revisao - sugestao distancia (NOVA AURORA)
CAFEZAL DO SUL,PR,ALTO PIQUIRI,Importado da revisao - sugestao distancia (ALTO PIQUIRI)
CALIFORNIA,PR,MARILANDIA DO SUL,Importado da revisao - sugestao distancia (MARILANDIA DO SUL)
CAMBIRA,PR,JANDAIA DO SUL,Importado da revisao - sugestao distancia (JANDAIA DO SUL)
CAMPINA DO SIMAO,PR,PITANGA,Importado da revisao - sugestao distancia (PITANGA)
CAMPO BONITO,PR,GUARANIACU,Importado da revisao - sugestao distancia (GUARANIACU)
CAMPO MAGRO,PR,CAMPO LARGO,Importado da revisao - sugestao distancia (CAMPO LARGO)
CAMPO DO TENENTE,PR,RIO NEGRO,Importado da revisao - sugestao distancia (RIO NEGRO)
CANDOI,PR,CANTAGALO,Importado da revisao - sugestao distancia (CANTAGALO)
CARAMBEI,PR,CASTRO,Importado da revisao - sugestao distancia (CASTRO)
CONSELHEIRO MAIRINCK,PR,IBAITI,Importado da revisao - sugestao distancia (IBAITI)
CONTENDA,PR,ARAUCARIA,Importado da revisao - sugestao distancia (ARAUCARIA)
CORONEL DOMINGOS SOARES,PR,PALMAS,Importado da revisao - sugestao distancia (PALMAS)
CORUMBATAI DO SUL,PR,BARBOSA FERRAZ,Importado da revisao - sugestao distancia (BARBOSA FERRAZ)
CRUZ MACHADO,PR,UNIAO DA VITORIA,Importado da revisao - sugestao distancia (UNIAO DA VITORIA)
CRUZEIRO DO IGUACU,PR,DOIS VIZINHOS,Importado da revisao - sugestao distancia (DOIS VIZINHOS)
CRUZEIRO DO SUL,PR,PARANACITY,Importado da revisao - sugestao distancia (PARANACITY)
CRUZMALTINA,PR,FAXINAL,Importado da revisao - sugestao distancia (FAXINAL)
CEU AZUL,PR,MATELANDIA,Importado da revisao - sugestao distancia (MATELANDIA)
DIAMANTE D'OESTE,PR,SANTA HELENA,Importado da revisao - sugestao distancia (SANTA HELENA)
DIAMANTE DO NORTE,PR,NOVA LONDRINA,Importado da revisao - sugestao distancia (NOVA LONDRINA)
DIAMANTE DO SUL,PR,GUARANIACU,Importado da revisao - sugestao distancia (GUARANIACU)
DOURADINA,PR,ICARAIMA,Importado da revisao - sugestao distancia (ICARAIMA)
DOUTOR CAMARGO,PR,MANDAGUACU,Importado da revisao - sugestao distancia (MANDAGUACU)
DOUTOR ULYSSES,PR,JAGUARIAIVA,Importado da revisao - sugestao distancia (JAGUARIAIVA)
ENTRE RIOS DO OESTE,PR,SANTA HELENA,Importado da revisao - sugestao distancia (SANTA HELENA)
ENEAS MARQUES,PR,FRANCISCO BELTRAO,Importado da revisao - sugestao distancia (FRANCISCO BELTRAO)
ESPERANCA NOVA,PR,PEROLA,Importado da revisao - sugestao distancia (PEROLA)
ESPIGAO ALTO DO IGUACU,PR,QUEDAS DO IGUACU,Importado da revisao - sugestao distancia (QUEDAS DO IGUACU)
FAROL,PR,CAMPO MOURAO,Importado da revisao - sugestao distancia (CAMPO MOURAO)
FERNANDES PINHEIRO,PR,TEIXEIRA SOARES,Importado da revisao - sugestao distancia (TEIXEIRA SOARES)
FIGUEIRA,PR,IBAITI,Importado da revisao - sugestao distancia (IBAITI)
FLOR DA SERRA DO SUL,PR,MARMELEIRO,Importado da revisao - sugestao distancia (MARMELEIRO)
FLORAI,PR,NOVA ESPERANCA,Importado da revisao - sugestao distancia (NOVA ESPERANCA)
FLORESTA,PR,MARINGA,Importado da revisao - sugestao distancia (MARINGA)
FLORESTOPOLIS,PR,PORECATU,Importado da revisao - sugestao distancia (PORECATU)
FLORIDA,PR,SANTA FE,Importado da revisao - sugestao distancia (SANTA FE)
FOZ DO JORDAO,PR,MANGUEIRINHA,Importado da revisao - sugestao distancia (MANGUEIRINHA)
FRANCISCO ALVES,PR,IPORA,Importado da revisao - sugestao distancia (IPORA)
FENIX,PR,BARBOSA FERRAZ,Importado da revisao - sugestao distancia (BARBOSA FERRAZ)
GENERAL CARNEIRO,PR,UNIAO DA VITORIA,Importado da revisao - sugestao distancia (UNIAO DA VITORIA)
GODOY MOREIRA,PR,BARBOSA FERRAZ,Importado da revisao - sugestao distancia (BARBOSA FERRAZ)
GOIOXIM,PR,CANTAGALO,Importado da revisao - sugestao distancia (CANTAGALO)
GUAIRACA,PR,TERRA RICA,Importado da revisao - sugestao distancia (TERRA RICA)
GUAMIRANGA,PR,PRUDENTOPOLIS,Importado da revisao - sugestao distancia (PRUDENTOPOLIS)
GUAPIRAMA,PR,JOAQUIM TAVORA,Importado da revisao - sugestao distancia (JOAQUIM TAVORA)
GUAPOREMA,PR,CIDADE GAUCHA,Importado da revisao - sugestao distancia (CIDADE GAUCHA)
GUARACI,PR,CENTENARIO DO SUL,Importado da revisao - sugestao distancia (CENTENARIO DO SUL)
GUARAQUECABA,PR,PARANAGUA,Importado da revisao - sugestao distancia (PARANAGUA)
HONORIO SERPA,PR,CORONEL VIVIDA,Importado da revisao - sugestao distancia (CORONEL VIVIDA)
IBEMA,PR,GUARANIACU,Importado da revisao - sugestao distancia (GUARANIACU)
IGUARACU,PR,ASTORGA,Importado da revisao - sugestao distancia (ASTORGA)
IGUATU,PR,UBIRATA,Importado da revisao - sugestao distancia (UBIRATA)
IMBAU,PR,TELEMACO BORBA,Importado da revisao - sugestao distancia (TELEMACO BORBA)
INAJA,PR,PARANACITY,Importado da revisao - sugestao distancia (PARANACITY)
INDIANOPOLIS,PR,CIANORTE,Importado da revisao - sugestao distancia (CIANORTE)
INACIO MARTINS,PR,REBOUCAS,Importado da revisao - sugestao distancia (REBOUCAS)
IRACEMA DO OESTE,PR,NOVA AURORA,Importado da revisao - sugestao distancia (NOVA AURORA)
ITAGUAJE,PR,COLORADO,Importado da revisao - sugestao distancia (COLORADO)
ITAIPULANDIA,PR,SAO MIGUEL DO IGUACU,Importado da revisao - sugestao distancia (SAO MIGUEL DO IGUACU)
ITAMBARACA,PR,BANDEIRANTES,Importado da revisao - sugestao distancia (BANDEIRANTES)
ITAMBE,PR,SARANDI,Importado da revisao - sugestao distancia (SARANDI)
ITAPEJARA D'OESTE,PR,CERRO AZUL,Importado da revisao - sugestao distancia (CERRO AZUL)
ITAPERUCU,PR,RIO BRANCO DO SUL,Importado da revisao - sugestao distancia (RIO BRANCO DO SUL)
ITAUNA DO SUL,PR,NOVA LONDRINA,Importado da revisao - sugestao distancia (NOVA LONDRINA)
IVATUBA,PR,ENGENHEIRO BELTRAO,Importado da revisao - sugestao distancia (ENGENHEIRO BELTRAO)
IVATE,PR,ICARAIMA,Importado da revisao - sugestao distancia (ICARAIMA)
IVAI,PR,PRUDENTOPOLIS,Importado da revisao - sugestao distancia (PRUDENTOPOLIS)
JABOTI,PR,TOMAZINA,Importado da revisao - sugestao distancia (TOMAZINA)
JANIOPOLIS,PR,GOIOERE,Importado da revisao - sugestao distancia (GOIOERE)
JAPIRA,PR,IBAITI,Importado da revisao - sugestao distancia (IBAITI)
JAPURA,PR,PARAISO DO NORTE,Importado da revisao - sugestao distancia (PARAISO DO NORTE)
JARDIM ALEGRE,PR,IVAIPORA,Importado da revisao - sugestao distancia (IVAIPORA)
JARDIM OLINDA,PR,COLORADO,Importado da revisao - sugestao distancia (COLORADO)
JATAIZINHO,PR,IBIPORA,Importado da revisao - sugestao distancia (IBIPORA)
JESUITAS,PR,FORMOSA DO OESTE,Importado da revisao - sugestao distancia (FORMOSA DO OESTE)
JUNDIAI DO SUL,PR,RIBEIRAO DO PINHAL,Importado da revisao - sugestao distancia (RIBEIRAO DO PINHAL)
JURANDA,PR,CAMPINA DA LAGOA,Importado da revisao - sugestao distancia (CAMPINA DA LAGOA)
JUSSARA,PR,CIANORTE,Importado da revisao - sugestao distancia (CIANORTE)
KALORE,PR,SAO JOAO DO IVAI,Importado da revisao - sugestao distancia (SAO JOAO DO IVAI)
LARANJAL,PR,PALMITAL,Importado da revisao - sugestao distancia (PALMITAL)
LEOPOLIS,PR,URAI,Importado da revisao - sugestao distancia (URAI)
LIDIANOPOLIS,PR,GRANDES RIOS,Importado da revisao - sugestao distancia (GRANDES RIOS)
LINDOESTE,PR,CAPITAO LEONIDAS MARQUES,Importado da revisao - sugestao distancia (CAPITAO LEONIDAS MARQUES)
LOBATO,PR,SANTA FE,Importado da revisao - sugestao distancia (SANTA FE)
LUIZIANA,PR,IRETAMA,Importado da revisao - sugestao distancia (IRETAMA)
LUNARDELLI,PR,SAO JOAO DO IVAI,Importado da revisao - sugestao distancia (SAO JOAO DO IVAI)
LUPIONOPOLIS,PR,CENTENARIO DO SUL,Importado da revisao - sugestao distancia (CENTENARIO DO SUL)
MANDIRITUBA,PR,FAZENDA RIO GRANDE,Importado da revisao - sugestao distancia (FAZENDA RIO GRANDE)
MANFRINOPOLIS,PR,FRANCISCO BELTRAO,Importado da revisao - sugestao distancia (FRANCISCO BELTRAO)
MARIA HELENA,PR,UMUARAMA,Importado da revisao - sugestao distancia (UMUARAMA)
MARILENA,PR,NOVA LONDRINA,Importado da revisao - sugestao distancia (NOVA LONDRINA)
MARILUZ,PR,GOIOERE,Importado da revisao - sugestao distancia (GOIOERE)
MARIPA,PR,PALOTINA,Importado da revisao - sugestao distancia (PALOTINA)
MARIOPOLIS,PR,PATO BRANCO,Importado da revisao - sugestao distancia (PATO BRANCO)
MARQUINHO,PR,PALMITAL,Importado da revisao - sugestao distancia (PALMITAL)
MARUMBI,PR,JANDAIA DO SUL,Importado da revisao - sugestao distancia (JANDAIA DO SUL)
MATO RICO,PR,PALMITAL,Importado da revisao - sugestao distancia (PALMITAL)
MAUA DA SERRA,PR,FAXINAL,Importado da revisao - sugestao distancia (FAXINAL)
MERCEDES,PR,MARECHAL CANDIDO RONDON,Importado da revisao - sugestao distancia (MARECHAL CANDIDO RONDON)
MIRADOR,PR,PARAISO DO NORTE,Importado da revisao - sugestao distancia (PARAISO DO NORTE)
MIRASELVA,PR,JAGUAPITA,Importado da revisao - sugestao distancia (JAGUAPITA)
MISSAL,PR,SANTA HELENA,Importado da revisao - sugestao distancia (SANTA HELENA)
MOREIRA SALES,PR,GOIOERE,Importado da revisao - sugestao distancia (GOIOERE)
MUNHOZ DE MELO,PR,SANTA FE,Importado da revisao - sugestao distancia (SANTA FE)
NOSSA SENHORA DAS GRACAS,PR,SANTA FE,Importado da revisao - sugestao distancia (SANTA FE)
NOVA ALIANCA DO IVAI,PR,PARAISO DO NORTE,Importado da revisao - sugestao distancia (PARAISO DO NORTE)
NOVA AMERICA DA COLINA,PR,ASSAI,Importado da revisao - sugestao distancia (ASSAI)
NOVA CANTU,PR,CAMPINA DA LAGOA,Importado da revisao - sugestao distancia (CAMPINA DA LAGOA)
NOVA ESPERANCA DO SUDOESTE,PR,SALTO DO LONTRA,Importado da revisao - sugestao distancia (SALTO DO LONTRA)
NOVA LARANJEIRAS,PR,LARANJEIRAS DO SUL,Importado da revisao - sugestao distancia (LARANJEIRAS DO SUL)
NOVA OLIMPIA,PR,CIDADE GAUCHA,Importado da revisao - sugestao distancia (CIDADE GAUCHA)
NOVA PRATA DO IGUACU,PR,SALTO DO LONTRA,Importado da revisao - sugestao distancia (SALTO DO LONTRA)
NOVA SANTA BARBARA,PR,SAO JERONIMO DA SERRA,Importado da revisao - sugestao distancia (SAO JERONIMO DA SERRA)
NOVA SANTA ROSA,PR,MARECHAL CANDIDO RONDON,Importado da revisao - sugestao distancia (MARECHAL CANDIDO RONDON)
NOVA TEBAS,PR,IRETAMA,Importado da revisao - sugestao distancia (IRETAMA)
NOVO ITACOLOMI,PR,MARILANDIA DO SUL,Importado da revisao - sugestao distancia (MARILANDIA DO SUL)
OURIZONA,PR,MANDAGUACU,Importado da revisao - sugestao distancia (MANDAGUACU)
OURO VERDE DO OESTE,PR,TOLEDO,Importado da revisao - sugestao distancia (TOLEDO)
PAICANDU,PR,MARINGA,Importado da revisao - sugestao distancia (MARINGA)
PARANAPOEMA,PR,COLORADO,Importado da revisao - sugestao distancia (COLORADO)
PATO BRAGADO,PR,MARECHAL CANDIDO RONDON,Importado da revisao - sugestao distancia (MARECHAL CANDIDO RONDON)
PAULA FREITAS,PR,UNIAO DA VITORIA,Importado da revisao - sugestao distancia (UNIAO DA VITORIA)
PAULO FRONTIN,PR,MALLET,Importado da revisao - sugestao distancia (MALLET)
PEROBAL,PR,ALTO PIQUIRI,Importado da revisao - sugestao distancia (ALTO PIQUIRI)
PINHAL DE SAO BENTO,PR,AMPERE,Importado da revisao - sugestao distancia (AMPERE)
PINHALAO,PR,TOMAZINA,Importado da revisao - sugestao distancia (TOMAZINA)
PITANGUEIRAS,PR,ASTORGA,Importado da revisao - sugestao distancia (ASTORGA)
PIEN,PR,RIO NEGRO,Importado da revisao - sugestao distancia (RIO NEGRO)
PLANALTINA DO PARANA,PR,LOANDA,Importado da revisao - sugestao distancia (LOANDA)
PLANALTO,PR,CAPANEMA,Importado da revisao - sugestao distancia (CAPANEMA)
PORTO AMAZONAS,PR,PALMEIRA,Importado da revisao - sugestao distancia (PALMEIRA)
PORTO BARREIRO,PR,LARANJEIRAS DO SUL,Importado da revisao - sugestao distancia (LARANJEIRAS DO SUL)
PORTO RICO,PR,LOANDA,Importado da revisao - sugestao distancia (LOANDA)
PORTO VITORIA,PR,UNIAO DA VITORIA,Importado da revisao - sugestao distancia (UNIAO DA VITORIA)
PRADO FERREIRA,PR,JAGUAPITA,Importado da revisao - sugestao distancia (JAGUAPITA)
PRANCHITA,PR,SANTO ANTONIO DO SUDOESTE,Importado da revisao - sugestao distancia (SANTO ANTONIO DO SUDOESTE)
PRESIDENTE CASTELO BRANCO,PR,MANDAGUACU,Importado da revisao - sugestao distancia (MANDAGUACU)
PEROLA D'OESTE,PR,CAPANEMA,Importado da revisao - sugestao distancia (CAPANEMA)
QUARTO CENTENARIO,PR,GOIOERE,Importado da revisao - sugestao distancia (GOIOERE)
QUATIGUA,PR,JOAQUIM TAVORA,Importado da revisao - sugestao distancia (JOAQUIM TAVORA)
QUATRO PONTES,PR,MARECHAL CANDIDO RONDON,Importado da revisao - sugestao distancia (MARECHAL CANDIDO RONDON)
QUERENCIA DO NORTE,PR,SANTA ISABEL DO IVAI,Importado da revisao - sugestao distancia (SANTA ISABEL DO IVAI)
QUINTA DO SOL,PR,ENGENHEIRO BELTRAO,Importado da revisao - sugestao distancia (ENGENHEIRO BELTRAO)
QUITANDINHA,PR,LAPA,Importado da revisao - sugestao distancia (LAPA)
RAMILANDIA,PR,MATELANDIA,Importado da revisao - sugestao distancia (MATELANDIA)
RANCHO ALEGRE,PR,SERTANOPOLIS,Importado da revisao - sugestao distancia (SERTANOPOLIS)
RANCHO ALEGRE D'OESTE,PR,GOIOERE,Importado da revisao - sugestao distancia (GOIOERE)
RENASCENCA,PR,MARMELEIRO,Importado da revisao - sugestao distancia (MARMELEIRO)
RESERVA DO IGUACU,PR,MANGUEIRINHA,Importado da revisao - sugestao distancia (MANGUEIRINHA)
RIO AZUL,PR,REBOUCAS,Importado da revisao - sugestao distancia (REBOUCAS)
RIO BOM,PR,MARILANDIA DO SUL,Importado da revisao - sugestao distancia (MARILANDIA DO SUL)
RIO BONITO DO IGUACU,PR,LARANJEIRAS DO SUL,Importado da revisao - sugestao distancia (LARANJEIRAS DO SUL)
RIO BRANCO DO IVAI,PR,CANDIDO DE ABREU,Importado da revisao - sugestao distancia (CANDIDO DE ABREU)
RONCADOR,PR,IRETAMA,Importado da revisao - sugestao distancia (IRETAMA)
RONDON,PR,CIDADE GAUCHA,Importado da revisao - sugestao distancia (CIDADE GAUCHA)
ROSARIO DO IVAI,PR,GRANDES RIOS,Importado da revisao - sugestao distancia (GRANDES RIOS)
SABAUDIA,PR,ASTORGA,Importado da revisao - sugestao distancia (ASTORGA)
SALGADO FILHO,PR,BARRACAO,Importado da revisao - sugestao distancia (BARRACAO)
SALTO DO ITARARE,PR,SIQUEIRA CAMPOS,Importado da revisao - sugestao distancia (SIQUEIRA CAMPOS)
SANTA AMELIA,PR,SANTA MARIANA,Importado da revisao - sugestao distancia (SANTA MARIANA)
SANTA CECILIA DO PAVAO,PR,ASSAI,Importado da revisao - sugestao distancia (ASSAI)
SANTA CRUZ DE MONTE CASTELO,PR,SANTA ISABEL DO IVAI,Importado da revisao - sugestao distancia (SANTA ISABEL DO IVAI)
SANTA INES,PR,COLORADO,Importado da revisao - sugestao distancia (COLORADO)
SANTA IZABEL DO OESTE,PR,REALEZA,Importado da revisao - sugestao distancia (REALEZA)
SANTA LUCIA,PR,CAPITAO LEONIDAS MARQUES,Importado da revisao - sugestao distancia (CAPITAO LEONIDAS MARQUES)
SANTA MARIA DO OESTE,PR,PITANGA,Importado da revisao - sugestao distancia (PITANGA)
SANTA MONICA,PR,SANTA ISABEL DO IVAI,Importado da revisao - sugestao distancia (SANTA ISABEL DO IVAI)
SANTA TEREZA DO OESTE,PR,CASCAVEL,Importado da revisao - sugestao distancia (CASCAVEL)
SANTA TEREZINHA DE ITAIPU,PR,SAO MIGUEL DO IGUACU,Importado da revisao - sugestao distancia (SAO MIGUEL DO IGUACU)
SANTANA DO ITARARE,PR,WENCESLAU BRAZ,Importado da revisao - sugestao distancia (WENCESLAU BRAZ)
SANTO ANTONIO DO CAIUA,PR,TERRA RICA,Importado da revisao - sugestao distancia (TERRA RICA)
SANTO ANTONIO DO PARAISO,PR,CONGONHINHAS,Importado da revisao - sugestao distancia (CONGONHINHAS)
SANTO INACIO,PR,COLORADO,Importado da revisao - sugestao distancia (COLORADO)
SAPOPEMA,PR,CURIUVA,Importado da revisao - sugestao distancia (CURIUVA)
SAUDADE DO IGUACU,PR,SAO JOAO,Importado da revisao - sugestao distancia (SAO JOAO)
SERRANOPOLIS DO IGUACU,PR,MEDIANEIRA,Importado da revisao - sugestao distancia (MEDIANEIRA)
SERTANEJA,PR,URAI,Importado da revisao - sugestao distancia (URAI)
SULINA,PR,SAO JOAO,Importado da revisao - sugestao distancia (SAO JOAO)
SAO CARLOS DO IVAI,PR,PARAISO DO NORTE,Importado da revisao - sugestao distancia (PARAISO DO NORTE)
SAO JORGE D'OESTE,PR,DOIS VIZINHOS,Importado da revisao - sugestao distancia (DOIS VIZINHOS)
SAO JORGE DO IVAI,PR,MANDAGUACU,Importado da revisao - sugestao distancia (MANDAGUACU)
SAO JORGE DO PATROCINIO,PR,ALTONIA,Importado da revisao - sugestao distancia (ALTONIA)
SAO JOSE DA BOA VISTA,PR,WENCESLAU BRAZ,Importado da revisao - sugestao distancia (WENCESLAU BRAZ)
SAO JOSE DAS PALMEIRAS,PR,SANTA HELENA,Importado da revisao - sugestao distancia (SANTA HELENA)
SAO JOAO DO CAIUA,PR,PARANACITY,Importado da revisao - sugestao distancia (PARANACITY)
SAO MANOEL DO PARANA,PR,PARAISO DO NORTE,Importado da revisao - sugestao distancia (PARAISO DO NORTE)
SAO PEDRO DO IGUACU,PR,TOLEDO,Importado da revisao - sugestao distancia (TOLEDO)
SAO PEDRO DO IVAI,PR,SAO JOAO DO IVAI,Importado da revisao - sugestao distancia (SAO JOAO DO IVAI)
SAO PEDRO DO PARANA,PR,LOANDA,Importado da revisao - sugestao distancia (LOANDA)
SAO SEBASTIAO DA AMOREIRA,PR,ASSAI,Importado da revisao - sugestao distancia (ASSAI)
SAO TOME,PR,CIANORTE,Importado da revisao - sugestao distancia (CIANORTE)
TAMARANA,PR,MARILANDIA DO SUL,Importado da revisao - sugestao distancia (MARILANDIA DO SUL)
TAMBOARA,PR,PARANAVAI,Importado da revisao - sugestao distancia (PARANAVAI)
TAPIRA,PR,CIDADE GAUCHA,Importado da revisao - sugestao distancia (CIDADE GAUCHA)
TIJUCAS DO SUL,PR,FAZENDA RIO GRANDE,Importado da revisao - sugestao distancia (FAZENDA RIO GRANDE)
TRES BARRAS DO PARANA,PR,CATANDUVAS,Importado da revisao - sugestao distancia (CATANDUVAS)
TUNAS DO PARANA,PR,BOCAIUVA DO SUL,Importado da revisao - sugestao distancia (BOCAIUVA DO SUL)
TUNEIRAS DO OESTE,PR,CRUZEIRO DO OESTE,Importado da revisao - sugestao distancia (CRUZEIRO DO OESTE)
TUPASSI,PR,ASSIS CHATEAUBRIAND,Importado da revisao - sugestao distancia (ASSIS CHATEAUBRIAND)
TURVO,PR,GUARAPUAVA,Importado da revisao - sugestao distancia (GUARAPUAVA)
UNIFLOR,PR,NOVA ESPERANCA,Importado da revisao - sugestao distancia (NOVA ESPERANCA)
VENTANIA,PR,CURIUVA,Importado da revisao - sugestao distancia (CURIUVA)
VERA CRUZ DO OESTE,PR,MATELANDIA,Importado da revisao - sugestao distancia (MATELANDIA)
VERE,PR,SAO JOAO,Importado da revisao - sugestao distancia (SAO JOAO)
VIRMOND,PR,CANTAGALO,Importado da revisao - sugestao distancia (CANTAGALO)
VITORINO,PR,PATO BRANCO,Importado da revisao - sugestao distancia (PATO BRANCO)
ANGULO,PR,SANTA FE,Importado da revisao - sugestao distancia (SANTA FE)
ADOLFO,SP,JOSE BONIFACIO,Importado da revisao - sugestao distancia (JOSE BONIFACIO)
ALAMBARI,SP,ITAPETININGA,Importado da revisao - sugestao distancia (ITAPETININGA)
ALFREDO MARCONDES,SP,PRESIDENTE BERNARDES,Importado da revisao - sugestao distancia (PRESIDENTE BERNARDES)
ALTAIR,SP,NOVA GRANADA,Importado da revisao - sugestao distancia (NOVA GRANADA)
ALTO ALEGRE,SP,PENAPOLIS,Importado da revisao - sugestao distancia (PENAPOLIS)
ALUMINIO,SP,MAIRINQUE,Importado da revisao - sugestao distancia (MAIRINQUE)
ALVINLANDIA,SP,GALIA,Importado da revisao - sugestao distancia (GALIA)
AMERICO BRASILIENSE,SP,ARARAQUARA,Importado da revisao - sugestao distancia (ARARAQUARA)
AMERICO DE CAMPOS,SP,VOTUPORANGA,Importado da revisao - sugestao distancia (VOTUPORANGA)
ANALANDIA,SP,DESCALVADO,Importado da revisao - sugestao distancia (DESCALVADO)
ANHEMBI,SP,CONCHAS,Importado da revisao - sugestao distancia (CONCHAS)
ANHUMAS,SP,PIRAPOZINHO,Importado da revisao - sugestao distancia (PIRAPOZINHO)
APARECIDA D'OESTE,SP,PALMEIRA D'OESTE,Importado da revisao - sugestao distancia (PALMEIRA D'OESTE)
ARAMINA,SP,IGARAPAVA,Importado da revisao - sugestao distancia (IGARAPAVA)
ARANDU,SP,AVARE,Importado da revisao - sugestao distancia (AVARE)
ARAPEI,SP,BANANAL,Importado da revisao - sugestao distancia (BANANAL)
ARACARIGUAMA,SP,SAO ROQUE,Importado da revisao - sugestao distancia (SAO ROQUE)
ARACOIABA DA SERRA,SP,SOROCABA,Importado da revisao - sugestao distancia (SOROCABA)
ARCO-IRIS,SP,TUPA,Importado da revisao - sugestao distancia (TUPA)
AREALVA,SP,BARIRI,Importado da revisao - sugestao distancia (BARIRI)
AREIAS,SP,QUELUZ,Importado da revisao - sugestao distancia (QUELUZ)
AREIOPOLIS,SP,SAO MANUEL,Importado da revisao - sugestao distancia (SAO MANUEL)
ARIRANHA,SP,SANTA ADELIA,Importado da revisao - sugestao distancia (SANTA ADELIA)
ASPASIA,SP,URANIA,Importado da revisao - sugestao distancia (URANIA)
AVANHANDAVA,SP,PROMISSAO,Importado da revisao - sugestao distancia (PROMISSAO)
AVAI,SP,PIRAJUI,Importado da revisao - sugestao distancia (PIRAJUI)
BADY BASSITT,SP,SAO JOSE DO RIO PRETO,Importado da revisao - sugestao distancia (SAO JOSE DO RIO PRETO)
BALBINOS,SP,PIRAJUI,Importado da revisao - sugestao distancia (PIRAJUI)
BARBOSA,SP,PENAPOLIS,Importado da revisao - sugestao distancia (PENAPOLIS)
BARRA DO CHAPEU,SP,APIAI,Importado da revisao - sugestao distancia (APIAI)
BARRA DO TURVO,SP,APIAI,Importado da revisao - sugestao distancia (APIAI)
BARRINHA,SP,JABOTICABAL,Importado da revisao - sugestao distancia (JABOTICABAL)
BARAO DE ANTONINA,SP,ITAPORANGA,Importado da revisao - sugestao distancia (ITAPORANGA)
BASTOS,SP,OSVALDO CRUZ,Importado da revisao - sugestao distancia (OSVALDO CRUZ)
BENTO DE ABREU,SP,VALPARAISO,Importado da revisao - sugestao distancia (VALPARAISO)
BERNARDINO DE CAMPOS,SP,IPAUSSU,Importado da revisao - sugestao distancia (IPAUSSU)
BIRITIBA MIRIM,SP,MOGI DAS CRUZES,Importado da revisao - sugestao distancia (MOGI DAS CRUZES)
BOA ESPERANCA DO SUL,SP,RIBEIRAO BONITO,Importado da revisao - sugestao distancia (RIBEIRAO BONITO)
BOCAINA,SP,JAU,Importado da revisao - sugestao distancia (JAU)
BOFETE,SP,PORANGABA,Importado da revisao - sugestao distancia (PORANGABA)
BOM JESUS DOS PERDOES,SP,ATIBAIA,Importado da revisao - sugestao distancia (ATIBAIA)
BOM SUCESSO DE ITARARE,SP,ITARARE,Importado da revisao - sugestao distancia (ITARARE)
BORACEIA,SP,BARIRI,Importado da revisao - sugestao distancia (BARIRI)
BOREBI,SP,AGUDOS,Importado da revisao - sugestao distancia (AGUDOS)
BORA,SP,PARAGUACU PAULISTA,Importado da revisao - sugestao distancia (PARAGUACU PAULISTA)
BRAUNA,SP,BILAC,Importado da revisao - sugestao distancia (BILAC)
BREJO ALEGRE,SP,BURITAMA,Importado da revisao - sugestao distancia (BURITAMA)
BURI,SP,CAPAO BONITO,Importado da revisao - sugestao distancia (CAPAO BONITO)
BURITIZAL,SP,IGARAPAVA,Importado da revisao - sugestao distancia (IGARAPAVA)
BALSAMO,SP,MIRASSOL,Importado da revisao - sugestao distancia (MIRASSOL)
CABRALIA PAULISTA,SP,DUARTINA,Importado da revisao - sugestao distancia (DUARTINA)
CAIABU,SP,MARTINOPOLIS,Importado da revisao - sugestao distancia (MARTINOPOLIS)
CAIEIRAS,SP,FRANCO DA ROCHA,Importado da revisao - sugestao distancia (FRANCO DA ROCHA)
CAIUA,SP,PRESIDENTE EPITACIO,Importado da revisao - sugestao distancia (PRESIDENTE EPITACIO)
CAJAMAR,SP,SANTANA DE PARNAIBA,Importado da revisao - sugestao distancia (SANTANA DE PARNAIBA)
CAJATI,SP,JACUPIRANGA,Importado da revisao - sugestao distancia (JACUPIRANGA)
CAJOBI,SP,MONTE AZUL PAULISTA,Importado da revisao - sugestao distancia (MONTE AZUL PAULISTA)
CAMPINA DO MONTE ALEGRE,SP,ANGATUBA,Importado da revisao - sugestao distancia (ANGATUBA)
CAMPO LIMPO PAULISTA,SP,VARZEA PAULISTA,Importado da revisao - sugestao distancia (VARZEA PAULISTA)
CAMPOS NOVOS PAULISTA,SP,PALMITAL,Importado da revisao - sugestao distancia (PALMITAL)
CANAS,SP,CACHOEIRA PAULISTA,Importado da revisao - sugestao distancia (CACHOEIRA PAULISTA)
CANITAR,SP,CHAVANTES,Importado da revisao - sugestao distancia (CHAVANTES)
CAPELA DO ALTO,SP,TATUI,Importado da revisao - sugestao distancia (TATUI)
CASTILHO,SP,ANDRADINA,Importado da revisao - sugestao distancia (ANDRADINA)
CATIGUA,SP,CATANDUVA,Importado da revisao - sugestao distancia (CATANDUVA)
CEDRAL,SP,SAO JOSE DO RIO PRETO,Importado da revisao - sugestao distancia (SAO JOSE DO RIO PRETO)
CESARIO LANGE,SP,TATUI,Importado da revisao - sugestao distancia (TATUI)
CHARQUEADA,SP,SAO PEDRO,Importado da revisao - sugestao distancia (SAO PEDRO)
CLEMENTINA,SP,BILAC,Importado da revisao - sugestao distancia (BILAC)
COLOMBIA,SP,GUAIRA,Importado da revisao - sugestao distancia (GUAIRA)
COROADOS,SP,BIRIGUI,Importado da revisao - sugestao distancia (BIRIGUI)
CORONEL MACEDO,SP,TAQUARITUBA,Importado da revisao - sugestao distancia (TAQUARITUBA)
CORUMBATAI,SP,RIO CLARO,Importado da revisao - sugestao distancia (RIO CLARO)
COSMORAMA,SP,TANABI,Importado da revisao - sugestao distancia (TANABI)
CRISTAIS PAULISTA,SP,FRANCA,Importado da revisao - sugestao distancia (FRANCA)
CRUZALIA,SP,MARACAI,Importado da revisao - sugestao distancia (MARACAI)
CASSIA DOS COQUEIROS,SP,CAJURU,Importado da revisao - sugestao distancia (CAJURU)
CANDIDO RODRIGUES,SP,TAQUARITINGA,Importado da revisao - sugestao distancia (TAQUARITINGA)
DIRCE REIS,SP,PALMEIRA D'OESTE,Importado da revisao - sugestao distancia (PALMEIRA D'OESTE)
DIVINOLANDIA,SP,SAO JOSE DO RIO PARDO,Importado da revisao - sugestao distancia (SAO JOSE DO RIO PARDO)
DOBRADA,SP,MATAO,Importado da revisao - sugestao distancia (MATAO)
DOLCINOPOLIS,SP,JALES,Importado da revisao - sugestao distancia (JALES)
DOURADO,SP,RIBEIRAO BONITO,Importado da revisao - sugestao distancia (RIBEIRAO BONITO)
DUMONT,SP,SERTAOZINHO,Importado da revisao - sugestao distancia (SERTAOZINHO)
ECHAPORA,SP,ASSIS,Importado da revisao - sugestao distancia (ASSIS)
ELIAS FAUSTO,SP,MONTE MOR,Importado da revisao - sugestao distancia (MONTE MOR)
ELISIARIO,SP,CATANDUVA,Importado da revisao - sugestao distancia (CATANDUVA)
EMBAUBA,SP,MONTE AZUL PAULISTA,Importado da revisao - sugestao distancia (MONTE AZUL PAULISTA)
EMBU-GUACU,SP,ITAPECERICA DA SERRA,Importado da revisao - sugestao distancia (ITAPECERICA DA SERRA)
EMILIANOPOLIS,SP,PRESIDENTE BERNARDES,Importado da revisao - sugestao distancia (PRESIDENTE BERNARDES)
ENGENHEIRO COELHO,SP,ARTUR NOGUEIRA,Importado da revisao - sugestao distancia (ARTUR NOGUEIRA)
ESPIRITO SANTO DO TURVO,SP,SANTA CRUZ DO RIO PARDO,Importado da revisao - sugestao distancia (SANTA CRUZ DO RIO PARDO)
ESTIVA GERBI,SP,MOGI GUACU,Importado da revisao - sugestao distancia (MOGI GUACU)
ESTRELA DO NORTE,SP,PIRAPOZINHO,Importado da revisao - sugestao distancia (PIRAPOZINHO)
EUCLIDES DA CUNHA PAULISTA,SP,TEODORO SAMPAIO,Importado da revisao - sugestao distancia (TEODORO SAMPAIO)
FERNANDO PRESTES,SP,SANTA ADELIA,Importado da revisao - sugestao distancia (SANTA ADELIA)
FERNAO,SP,GALIA,Importado da revisao - sugestao distancia (GALIA)
FERRAZ DE VASCONCELOS,SP,POA,Importado da revisao - sugestao distancia (POA)
FLORA RICA,SP,PACAEMBU,Importado da revisao - sugestao distancia (PACAEMBU)
FLOREAL,SP,NHANDEARA,Importado da revisao - sugestao distancia (NHANDEARA)
FLORINEA,SP,MARACAI,Importado da revisao - sugestao distancia (MARACAI)
FLORIDA PAULISTA,SP,PACAEMBU,Importado da revisao - sugestao distancia (PACAEMBU)
GABRIEL MONTEIRO,SP,BILAC,Importado da revisao - sugestao distancia (BILAC)
GASTAO VIDIGAL,SP,NHANDEARA,Importado da revisao - sugestao distancia (NHANDEARA)
GAVIAO PEIXOTO,SP,MATAO,Importado da revisao - sugestao distancia (MATAO)
GLICERIO,SP,PENAPOLIS,Importado da revisao - sugestao distancia (PENAPOLIS)
GUAIMBE,SP,GETULINA,Importado da revisao - sugestao distancia (GETULINA)
GUAICARA,SP,LINS,Importado da revisao - sugestao distancia (LINS)
GUAPIARA,SP,CAPAO BONITO,Importado da revisao - sugestao distancia (CAPAO BONITO)
GUAPIACU,SP,SAO JOSE DO RIO PRETO,Importado da revisao - sugestao distancia (SAO JOSE DO RIO PRETO)
GUARACI,SP,OLIMPIA,Importado da revisao - sugestao distancia (OLIMPIA)
GUARANI D'OESTE,SP,ESTRELA D'OESTE,Importado da revisao - sugestao distancia (ESTRELA D'OESTE)
GUARANTA,SP,CAFELANDIA,Importado da revisao - sugestao distancia (CAFELANDIA)
GUARAREMA,SP,JACAREI,Importado da revisao - sugestao distancia (JACAREI)
GUARACAI,SP,MIRANDOPOLIS,Importado da revisao - sugestao distancia (MIRANDOPOLIS)
GUAREI,SP,PORANGABA,Importado da revisao - sugestao distancia (PORANGABA)
GUATAPARA,SP,GUARIBA,Importado da revisao - sugestao distancia (GUARIBA)
GUZOLANDIA,SP,AURIFLAMA,Importado da revisao - sugestao distancia (AURIFLAMA)
HERCULANDIA,SP,TUPA,Importado da revisao - sugestao distancia (TUPA)
HOLAMBRA,SP,JAGUARIUNA,Importado da revisao - sugestao distancia (JAGUARIUNA)
IACANGA,SP,IBITINGA,Importado da revisao - sugestao distancia (IBITINGA)
IACRI,SP,TUPA,Importado da revisao - sugestao distancia (TUPA)
IARAS,SP,CERQUEIRA CESAR,Importado da revisao - sugestao distancia (CERQUEIRA CESAR)
IBATE,SP,SAO CARLOS,Importado da revisao - sugestao distancia (SAO CARLOS)
IBIRAREMA,SP,PALMITAL,Importado da revisao - sugestao distancia (PALMITAL)
IBIRA,SP,URUPES,Importado da revisao - sugestao distancia (URUPES)
ICEM,SP,NOVA GRANADA,Importado da revisao - sugestao distancia (NOVA GRANADA)
IEPE,SP,MARACAI,Importado da revisao - sugestao distancia (MARACAI)
IGARATA,SP,SANTA ISABEL,Importado da revisao - sugestao distancia (SANTA ISABEL)
IGARACU DO TIETE,SP,BARRA BONITA,Importado da revisao - sugestao distancia (BARRA BONITA)
ILHA COMPRIDA,SP,IGUAPE,Importado da revisao - sugestao distancia (IGUAPE)
ILHABELA,SP,SAO SEBASTIAO,Importado da revisao - sugestao distancia (SAO SEBASTIAO)
INDIANA,SP,REGENTE FEIJO,Importado da revisao - sugestao distancia (REGENTE FEIJO)
INDIAPORA,SP,FERNANDOPOLIS,Importado da revisao - sugestao distancia (FERNANDOPOLIS)
INUBIA PAULISTA,SP,LUCELIA,Importado da revisao - sugestao distancia (LUCELIA)
IPERO,SP,BOITUVA,Importado da revisao - sugestao distancia (BOITUVA)
IPEUNA,SP,RIO CLARO,Importado da revisao - sugestao distancia (RIO CLARO)
IPIGUA,SP,NOVA GRANADA,Importado da revisao - sugestao distancia (NOVA GRANADA)
IPORANGA,SP,APIAI,Importado da revisao - sugestao distancia (APIAI)
IRACEMAPOLIS,SP,LIMEIRA,Importado da revisao - sugestao distancia (LIMEIRA)
IRAPURU,SP,PACAEMBU,Importado da revisao - sugestao distancia (PACAEMBU)
IRAPUA,SP,URUPES,Importado da revisao - sugestao distancia (URUPES)
ITABERA,SP,ITAPEVA,Importado da revisao - sugestao distancia (ITAPEVA)
ITAJOBI,SP,CATANDUVA,Importado da revisao - sugestao distancia (CATANDUVA)
ITAJU,SP,BARIRI,Importado da revisao - sugestao distancia (BARIRI)
ITAOCA,SP,APIAI,Importado da revisao - sugestao distancia (APIAI)
ITAPIRAPUA PAULISTA,SP,APIAI,Importado da revisao - sugestao distancia (APIAI)
ITAPURA,SP,ILHA SOLTEIRA,Importado da revisao - sugestao distancia (ILHA SOLTEIRA)
ITAPUI,SP,PEDERNEIRAS,Importado da revisao - sugestao distancia (PEDERNEIRAS)
ITARIRI,SP,PERUIBE,Importado da revisao - sugestao distancia (PERUIBE)
ITATINGA,SP,BOTUCATU,Importado da revisao - sugestao distancia (BOTUCATU)
ITIRAPINA,SP,SAO CARLOS,Importado da revisao - sugestao distancia (SAO CARLOS)
ITIRAPUA,SP,PATROCINIO PAULISTA,Importado da revisao - sugestao distancia (PATROCINIO PAULISTA)
ITOBI,SP,CASA BRANCA,Importado da revisao - sugestao distancia (CASA BRANCA)
ITUPEVA,SP,VINHEDO,Importado da revisao - sugestao distancia (VINHEDO)
JABORANDI,SP,COLINA,Importado da revisao - sugestao distancia (COLINA)
JACI,SP,MIRASSOL,Importado da revisao - sugestao distancia (MIRASSOL)
JAMBEIRO,SP,PARAIBUNA,Importado da revisao - sugestao distancia (PARAIBUNA)
JANDIRA,SP,BARUERI,Importado da revisao - sugestao distancia (BARUERI)
JERIQUARA,SP,PEDREGULHO,Importado da revisao - sugestao distancia (PEDREGULHO)
JOANOPOLIS,SP,PIRACAIA,Importado da revisao - sugestao distancia (PIRACAIA)
JOAO RAMALHO,SP,QUATA,Importado da revisao - sugestao distancia (QUATA)
JUMIRIM,SP,LARANJAL PAULISTA,Importado da revisao - sugestao distancia (LARANJAL PAULISTA)
JUQUITIBA,SP,ITAPECERICA DA SERRA,Importado da revisao - sugestao distancia (ITAPECERICA DA SERRA)
JULIO MESQUITA,SP,GARCA,Importado da revisao - sugestao distancia (GARCA)
LAGOINHA,SP,SAO LUIZ DO PARAITINGA,Importado da revisao - sugestao distancia (SAO LUIZ DO PARAITINGA)
LAVRINHAS,SP,CRUZEIRO,Importado da revisao - sugestao distancia (CRUZEIRO)
LAVINIA,SP,MIRANDOPOLIS,Importado da revisao - sugestao distancia (MIRANDOPOLIS)
LINDOIA,SP,AGUAS DE LINDOIA,Importado da revisao - sugestao distancia (AGUAS DE LINDOIA)
LOURDES,SP,BURITAMA,Importado da revisao - sugestao distancia (BURITAMA)
LOUVEIRA,SP,VINHEDO,Importado da revisao - sugestao distancia (VINHEDO)
LUCIANOPOLIS,SP,DUARTINA,Importado da revisao - sugestao distancia (DUARTINA)
LUIZIANIA,SP,BILAC,Importado da revisao - sugestao distancia (BILAC)
LUPERCIO,SP,MARILIA,Importado da revisao - sugestao distancia (MARILIA)
LUTECIA,SP,PARAGUACU PAULISTA,Importado da revisao - sugestao distancia (PARAGUACU PAULISTA)
LUIS ANTONIO,SP,CRAVINHOS,Importado da revisao - sugestao distancia (CRAVINHOS)
MACAUBAL,SP,NHANDEARA,Importado da revisao - sugestao distancia (NHANDEARA)
MACEDONIA,SP,FERNANDOPOLIS,Importado da revisao - sugestao distancia (FERNANDOPOLIS)
MAGDA,SP,GENERAL SALGADO,Importado da revisao - sugestao distancia (GENERAL SALGADO)
MANDURI,SP,CERQUEIRA CESAR,Importado da revisao - sugestao distancia (CERQUEIRA CESAR)
MARABA PAULISTA,SP,MIRANTE DO PARANAPANEMA,Importado da revisao - sugestao distancia (MIRANTE DO PARANAPANEMA)
MARAPOAMA,SP,URUPES,Importado da revisao - sugestao distancia (URUPES)
MARINOPOLIS,SP,PALMEIRA D'OESTE,Importado da revisao - sugestao distancia (PALMEIRA D'OESTE)
MARIAPOLIS,SP,ADAMANTINA,Importado da revisao - sugestao distancia (ADAMANTINA)
MENDONCA,SP,JOSE BONIFACIO,Importado da revisao - sugestao distancia (JOSE BONIFACIO)
MERIDIANO,SP,FERNANDOPOLIS,Importado da revisao - sugestao distancia (FERNANDOPOLIS)
MESOPOLIS,SP,URANIA,Importado da revisao - sugestao distancia (URANIA)
MINEIROS DO TIETE,SP,DOIS CORREGOS,Importado da revisao - sugestao distancia (DOIS CORREGOS)
MIRA ESTRELA,SP,CARDOSO,Importado da revisao - sugestao distancia (CARDOSO)
MIRASSOLANDIA,SP,NOVA GRANADA,Importado da revisao - sugestao distancia (NOVA GRANADA)
MOMBUCA,SP,CAPIVARI,Importado da revisao - sugestao distancia (CAPIVARI)
MONTE ALEGRE DO SUL,SP,SERRA NEGRA,Importado da revisao - sugestao distancia (SERRA NEGRA)
MONTE CASTELO,SP,TUPI PAULISTA,Importado da revisao - sugestao distancia (TUPI PAULISTA)
MONTEIRO LOBATO,SP,CACAPAVA,Importado da revisao - sugestao distancia (CACAPAVA)
MONCOES,SP,NHANDEARA,Importado da revisao - sugestao distancia (NHANDEARA)
MORUNGABA,SP,ITATIBA,Importado da revisao - sugestao distancia (ITATIBA)
MOTUCA,SP,GUARIBA,Importado da revisao - sugestao distancia (GUARIBA)
MURUTINGA DO SUL,SP,ANDRADINA,Importado da revisao - sugestao distancia (ANDRADINA)
NANTES,SP,REGENTE FEIJO,Importado da revisao - sugestao distancia (REGENTE FEIJO)
NARANDIBA,SP,PIRAPOZINHO,Importado da revisao - sugestao distancia (PIRAPOZINHO)
NATIVIDADE DA SERRA,SP,SAO LUIZ DO PARAITINGA,Importado da revisao - sugestao distancia (SAO LUIZ DO PARAITINGA)
NAZARE PAULISTA,SP,PIRACAIA,Importado da revisao - sugestao distancia (PIRACAIA)
NEVES PAULISTA,SP,MONTE APRAZIVEL,Importado da revisao - sugestao distancia (MONTE APRAZIVEL)
NIPOA,SP,MONTE APRAZIVEL,Importado da revisao - sugestao distancia (MONTE APRAZIVEL)
NOVA ALIANCA,SP,POTIRENDABA,Importado da revisao - sugestao distancia (POTIRENDABA)
NOVA CAMPINA,SP,ITAPEVA,Importado da revisao - sugestao distancia (ITAPEVA)
NOVA CANAA PAULISTA,SP,SANTA FE DO SUL,Importado da revisao - sugestao distancia (SANTA FE DO SUL)
NOVA CASTILHO,SP,GENERAL SALGADO,Importado da revisao - sugestao distancia (GENERAL SALGADO)
NOVA EUROPA,SP,IBITINGA,Importado da revisao - sugestao distancia (IBITINGA)
NOVA GUATAPORANGA,SP,TUPI PAULISTA,Importado da revisao - sugestao distancia (TUPI PAULISTA)
NOVA INDEPENDENCIA,SP,ANDRADINA,Importado da revisao - sugestao distancia (ANDRADINA)
NOVA LUZITANIA,SP,GENERAL SALGADO,Importado da revisao - sugestao distancia (GENERAL SALGADO)
NOVAIS,SP,CATANDUVA,Importado da revisao - sugestao distancia (CATANDUVA)
OCAUCU,SP,MARILIA,Importado da revisao - sugestao distancia (MARILIA)
ONDA VERDE,SP,NOVA GRANADA,Importado da revisao - sugestao distancia (NOVA GRANADA)
ORIENTE,SP,POMPEIA,Importado da revisao - sugestao distancia (POMPEIA)
ORINDIUVA,SP,PAULO DE FARIA,Importado da revisao - sugestao distancia (PAULO DE FARIA)
OSCAR BRESSANE,SP,POMPEIA,Importado da revisao - sugestao distancia (POMPEIA)
OURO VERDE,SP,DRACENA,Importado da revisao - sugestao distancia (DRACENA)
OUROESTE,SP,ESTRELA D'OESTE,Importado da revisao - sugestao distancia (ESTRELA D'OESTE)
PALMARES PAULISTA,SP,SANTA ADELIA,Importado da revisao - sugestao distancia (SANTA ADELIA)
PARANAPANEMA,SP,ANGATUBA,Importado da revisao - sugestao distancia (ANGATUBA)
PARANAPUA,SP,URANIA,Importado da revisao - sugestao distancia (URANIA)
PARAPUA,SP,OSVALDO CRUZ,Importado da revisao - sugestao distancia (OSVALDO CRUZ)
PARAISO,SP,MONTE AZUL PAULISTA,Importado da revisao - sugestao distancia (MONTE AZUL PAULISTA)
PARDINHO,SP,BOTUCATU,Importado da revisao - sugestao distancia (BOTUCATU)
PARIQUERA-ACU,SP,JACUPIRANGA,Importado da revisao - sugestao distancia (JACUPIRANGA)
PARISI,SP,VOTUPORANGA,Importado da revisao - sugestao distancia (VOTUPORANGA)
PAULICEIA,SP,PANORAMA,Importado da revisao - sugestao distancia (PANORAMA)
PAULISTANIA,SP,DUARTINA,Importado da revisao - sugestao distancia (DUARTINA)
PEDRA BELA,SP,BRAGANCA PAULISTA,Importado da revisao - sugestao distancia (BRAGANCA PAULISTA)
PEDRANOPOLIS,SP,FERNANDOPOLIS,Importado da revisao - sugestao distancia (FERNANDOPOLIS)
PEDRINHAS PAULISTA,SP,MARACAI,Importado da revisao - sugestao distancia (MARACAI)
PEDRO DE TOLEDO,SP,MIRACATU,Importado da revisao - sugestao distancia (MIRACATU)
PEREIRAS,SP,CONCHAS,Importado da revisao - sugestao distancia (CONCHAS)
PIACATU,SP,BILAC,Importado da revisao - sugestao distancia (BILAC)
PINDORAMA,SP,CATANDUVA,Importado da revisao - sugestao distancia (CATANDUVA)
PINHALZINHO,SP,BRAGANCA PAULISTA,Importado da revisao - sugestao distancia (BRAGANCA PAULISTA)
PIQUEROBI,SP,PRESIDENTE VENCESLAU,Importado da revisao - sugestao distancia (PRESIDENTE VENCESLAU)
PIQUETE,SP,LORENA,Importado da revisao - sugestao distancia (LORENA)
PIRANGI,SP,MONTE AZUL PAULISTA,Importado da revisao - sugestao distancia (MONTE AZUL PAULISTA)
PIRAPORA DO BOM JESUS,SP,SANTANA DE PARNAIBA,Importado da revisao - sugestao distancia (SANTANA DE PARNAIBA)
PLANALTO,SP,BURITAMA,Importado da revisao - sugestao distancia (BURITAMA)
PLATINA,SP,PALMITAL,Importado da revisao - sugestao distancia (PALMITAL)
POLONI,SP,MONTE APRAZIVEL,Importado da revisao - sugestao distancia (MONTE APRAZIVEL)
PONGAI,SP,CAFELANDIA,Importado da revisao - sugestao distancia (CAFELANDIA)
PONTALINDA,SP,JALES,Importado da revisao - sugestao distancia (JALES)
PONTES GESTAL,SP,CARDOSO,Importado da revisao - sugestao distancia (CARDOSO)
POPULINA,SP,URANIA,Importado da revisao - sugestao distancia (URANIA)
POTIM,SP,APARECIDA,Importado da revisao - sugestao distancia (APARECIDA)
PRACINHA,SP,LUCELIA,Importado da revisao - sugestao distancia (LUCELIA)
PRADOPOLIS,SP,GUARIBA,Importado da revisao - sugestao distancia (GUARIBA)
PRATANIA,SP,SAO MANUEL,Importado da revisao - sugestao distancia (SAO MANUEL)
PRESIDENTE ALVES,SP,PIRAJUI,Importado da revisao - sugestao distancia (PIRAJUI)
QUADRA,SP,PORANGABA,Importado da revisao - sugestao distancia (PORANGABA)
QUEIROZ,SP,GETULINA,Importado da revisao - sugestao distancia (GETULINA)
QUINTANA,SP,POMPEIA,Importado da revisao - sugestao distancia (POMPEIA)
RAFARD,SP,CAPIVARI,Importado da revisao - sugestao distancia (CAPIVARI)
REDENCAO DA SERRA,SP,PARAIBUNA,Importado da revisao - sugestao distancia (PARAIBUNA)
REGINOPOLIS,SP,PIRAJUI,Importado da revisao - sugestao distancia (PIRAJUI)
RESTINGA,SP,FRANCA,Importado da revisao - sugestao distancia (FRANCA)
RIBEIRA,SP,APIAI,Importado da revisao - sugestao distancia (APIAI)
RIBEIRAO BRANCO,SP,ITAPEVA,Importado da revisao - sugestao distancia (ITAPEVA)
RIBEIRAO CORRENTE,SP,FRANCA,Importado da revisao - sugestao distancia (FRANCA)
RIBEIRAO GRANDE,SP,CAPAO BONITO,Importado da revisao - sugestao distancia (CAPAO BONITO)
RIBEIRAO DO SUL,SP,OURINHOS,Importado da revisao - sugestao distancia (OURINHOS)
RIBEIRAO DOS INDIOS,SP,SANTO ANASTACIO,Importado da revisao - sugestao distancia (SANTO ANASTACIO)
RIFAINA,SP,PEDREGULHO,Importado da revisao - sugestao distancia (PEDREGULHO)
RINCAO,SP,ARARAQUARA,Importado da revisao - sugestao distancia (ARARAQUARA)
RINOPOLIS,SP,OSVALDO CRUZ,Importado da revisao - sugestao distancia (OSVALDO CRUZ)
RIO GRANDE DA SERRA,SP,RIBEIRAO PIRES,Importado da revisao - sugestao distancia (RIBEIRAO PIRES)
RIO DAS PEDRAS,SP,PIRACICABA,Importado da revisao - sugestao distancia (PIRACICABA)
RIOLANDIA,SP,CARDOSO,Importado da revisao - sugestao distancia (CARDOSO)
RIVERSUL,SP,ITAPORANGA,Importado da revisao - sugestao distancia (ITAPORANGA)
ROSEIRA,SP,APARECIDA,Importado da revisao - sugestao distancia (APARECIDA)
RUBINEIA,SP,SANTA FE DO SUL,Importado da revisao - sugestao distancia (SANTA FE DO SUL)
RUBIACEA,SP,GUARARAPES,Importado da revisao - sugestao distancia (GUARARAPES)
SABINO,SP,LINS,Importado da revisao - sugestao distancia (LINS)
SAGRES,SP,OSVALDO CRUZ,Importado da revisao - sugestao distancia (OSVALDO CRUZ)
SALES,SP,URUPES,Importado da revisao - sugestao distancia (URUPES)
SALES OLIVEIRA,SP,ORLANDIA,Importado da revisao - sugestao distancia (ORLANDIA)
SALESOPOLIS,SP,SANTA BRANCA,Importado da revisao - sugestao distancia (SANTA BRANCA)
SALMOURAO,SP,OSVALDO CRUZ,Importado da revisao - sugestao distancia (OSVALDO CRUZ)
SALTINHO,SP,PIRACICABA,Importado da revisao - sugestao distancia (PIRACICABA)
SALTO GRANDE,SP,OURINHOS,Importado da revisao - sugestao distancia (OURINHOS)
SALTO DE PIRAPORA,SP,PIEDADE,Importado da revisao - sugestao distancia (PIEDADE)
SANDOVALINA,SP,MIRANTE DO PARANAPANEMA,Importado da revisao - sugestao distancia (MIRANTE DO PARANAPANEMA)
SANTA ALBERTINA,SP,URANIA,Importado da revisao - sugestao distancia (URANIA)
SANTA CLARA D'OESTE,SP,SANTA FE DO SUL,Importado da revisao - sugestao distancia (SANTA FE DO SUL)
SANTA CRUZ DA CONCEICAO,SP,LEME,Importado da revisao - sugestao distancia (LEME)
SANTA CRUZ DA ESPERANCA,SP,CAJURU,Importado da revisao - sugestao distancia (CAJURU)
SANTA ERNESTINA,SP,TAQUARITINGA,Importado da revisao - sugestao distancia (TAQUARITINGA)
SANTA GERTRUDES,SP,RIO CLARO,Importado da revisao - sugestao distancia (RIO CLARO)
SANTA LUCIA,SP,ARARAQUARA,Importado da revisao - sugestao distancia (ARARAQUARA)
SANTA MARIA DA SERRA,SP,SAO PEDRO,Importado da revisao - sugestao distancia (SAO PEDRO)
SANTA MERCEDES,SP,PANORAMA,Importado da revisao - sugestao distancia (PANORAMA)
SANTA RITA D'OESTE,SP,SANTA FE DO SUL,Importado da revisao - sugestao distancia (SANTA FE DO SUL)
SANTA SALETE,SP,URANIA,Importado da revisao - sugestao distancia (URANIA)
SANTANA DA PONTE PENSA,SP,SANTA FE DO SUL,Importado da revisao - sugestao distancia (SANTA FE DO SUL)
SANTO ANTONIO DA ALEGRIA,SP,ALTINOPOLIS,Importado da revisao - sugestao distancia (ALTINOPOLIS)
SANTO ANTONIO DE POSSE,SP,JAGUARIUNA,Importado da revisao - sugestao distancia (JAGUARIUNA)
SANTO ANTONIO DO ARACANGUA,SP,AURIFLAMA,Importado da revisao - sugestao distancia (AURIFLAMA)
SANTO ANTONIO DO JARDIM,SP,ESPIRITO SANTO DO PINHAL,Importado da revisao - sugestao distancia (ESPIRITO SANTO DO PINHAL)
SANTO ANTONIO DO PINHAL,SP,CAMPOS DO JORDAO,Importado da revisao - sugestao distancia (CAMPOS DO JORDAO)
SANTO EXPEDITO,SP,PRESIDENTE BERNARDES,Importado da revisao - sugestao distancia (PRESIDENTE BERNARDES)
SANTOPOLIS DO AGUAPEI,SP,BILAC,Importado da revisao - sugestao distancia (BILAC)
SARAPUI,SP,PILAR DO SUL,Importado da revisao - sugestao distancia (PILAR DO SUL)
SARUTAIA,SP,PIRAJU,Importado da revisao - sugestao distancia (PIRAJU)
SEBASTIANOPOLIS DO SUL,SP,NHANDEARA,Importado da revisao - sugestao distancia (NHANDEARA)
SERRA AZUL,SP,SERRANA,Importado da revisao - sugestao distancia (SERRANA)
SETE BARRAS,SP,REGISTRO,Importado da revisao - sugestao distancia (REGISTRO)
SEVERINIA,SP,OLIMPIA,Importado da revisao - sugestao distancia (OLIMPIA)
SILVEIRAS,SP,CRUZEIRO,Importado da revisao - sugestao distancia (CRUZEIRO)
SUD MENNUCCI,SP,PEREIRA BARRETO,Importado da revisao - sugestao distancia (PEREIRA BARRETO)
SUZANAPOLIS,SP,PEREIRA BARRETO,Importado da revisao - sugestao distancia (PEREIRA BARRETO)
SAO FRANCISCO,SP,PALMEIRA D'OESTE,Importado da revisao - sugestao distancia (PALMEIRA D'OESTE)
SAO JOSE DA BELA VISTA,SP,NUPORANGA,Importado da revisao - sugestao distancia (NUPORANGA)
SAO JOSE DO BARREIRO,SP,QUELUZ,Importado da revisao - sugestao distancia (QUELUZ)
SAO JOAO DAS DUAS PONTES,SP,ESTRELA D'OESTE,Importado da revisao - sugestao distancia (ESTRELA D'OESTE)
SAO JOAO DE IRACEMA,SP,GENERAL SALGADO,Importado da revisao - sugestao distancia (GENERAL SALGADO)
SAO JOAO DO PAU D'ALHO,SP,TUPI PAULISTA,Importado da revisao - sugestao distancia (TUPI PAULISTA)
SAO LOURENCO DA SERRA,SP,ITAPECERICA DA SERRA,Importado da revisao - sugestao distancia (ITAPECERICA DA SERRA)
SAO PEDRO DO TURVO,SP,SANTA CRUZ DO RIO PARDO,Importado da revisao - sugestao distancia (SANTA CRUZ DO RIO PARDO)
SAO SEBASTIAO DA GRAMA,SP,SAO JOSE DO RIO PARDO,Importado da revisao - sugestao distancia (SAO JOSE DO RIO PARDO)
TABAPUA,SP,CATANDUVA,Importado da revisao - sugestao distancia (CATANDUVA)
TABATINGA,SP,IBITINGA,Importado da revisao - sugestao distancia (IBITINGA)
TACIBA,SP,REGENTE FEIJO,Importado da revisao - sugestao distancia (REGENTE FEIJO)
TAGUAI,SP,FARTURA,Importado da revisao - sugestao distancia (FARTURA)
TAIACU,SP,MONTE ALTO,Importado da revisao - sugestao distancia (MONTE ALTO)
TAIUVA,SP,MONTE ALTO,Importado da revisao - sugestao distancia (MONTE ALTO)
TAPIRATIBA,SP,CACONDE,Importado da revisao - sugestao distancia (CACONDE)
TAPIRAI,SP,PILAR DO SUL,Importado da revisao - sugestao distancia (PILAR DO SUL)
TAQUARAL,SP,BEBEDOURO,Importado da revisao - sugestao distancia (BEBEDOURO)
TAQUARIVAI,SP,ITAPEVA,Importado da revisao - sugestao distancia (ITAPEVA)
TARABAI,SP,PIRAPOZINHO,Importado da revisao - sugestao distancia (PIRAPOZINHO)
TARUMA,SP,MARACAI,Importado da revisao - sugestao distancia (MARACAI)
TEJUPA,SP,FARTURA,Importado da revisao - sugestao distancia (FARTURA)
TERRA ROXA,SP,VIRADOURO,Importado da revisao - sugestao distancia (VIRADOURO)
TIMBURI,SP,IPAUSSU,Importado da revisao - sugestao distancia (IPAUSSU)
TORRE DE PEDRA,SP,PORANGABA,Importado da revisao - sugestao distancia (PORANGABA)
TORRINHA,SP,BROTAS,Importado da revisao - sugestao distancia (BROTAS)
TRABIJU,SP,RIBEIRAO BONITO,Importado da revisao - sugestao distancia (RIBEIRAO BONITO)
TRES FRONTEIRAS,SP,SANTA FE DO SUL,Importado da revisao - sugestao distancia (SANTA FE DO SUL)
TUIUTI,SP,AMPARO,Importado da revisao - sugestao distancia (AMPARO)
TURIUBA,SP,BURITAMA,Importado da revisao - sugestao distancia (BURITAMA)
TURMALINA,SP,JALES,Importado da revisao - sugestao distancia (JALES)
UBARANA,SP,JOSE BONIFACIO,Importado da revisao - sugestao distancia (JOSE BONIFACIO)
UBIRAJARA,SP,GALIA,Importado da revisao - sugestao distancia (GALIA)
UCHOA,SP,POTIRENDABA,Importado da revisao - sugestao distancia (POTIRENDABA)
UNIAO PAULISTA,SP,MONTE APRAZIVEL,Importado da revisao - sugestao distancia (MONTE APRAZIVEL)
URU,SP,BORBOREMA,Importado da revisao - sugestao distancia (BORBOREMA)
VALENTIM GENTIL,SP,VOTUPORANGA,Importado da revisao - sugestao distancia (VOTUPORANGA)
VARGEM,SP,BRAGANCA PAULISTA,Importado da revisao - sugestao distancia (BRAGANCA PAULISTA)
VARGEM GRANDE PAULISTA,SP,COTIA,Importado da revisao - sugestao distancia (COTIA)
VERA CRUZ,SP,MARILIA,Importado da revisao - sugestao distancia (MARILIA)
VISTA ALEGRE DO ALTO,SP,MONTE ALTO,Importado da revisao - sugestao distancia (MONTE ALTO)
VITORIA BRASIL,SP,JALES,Importado da revisao - sugestao distancia (JALES)
ZACARIAS,SP,BURITAMA,Importado da revisao - sugestao distancia (BURITAMA)
AGUAS DA PRATA,SP,SAO JOAO DA BOA VISTA,Importado da revisao - sugestao distancia (SAO JOAO DA BOA VISTA)
AGUAS DE SANTA BARBARA,SP,CERQUEIRA CESAR,Importado da revisao - sugestao distancia (CERQUEIRA CESAR)
AGUAS DE SAO PEDRO,SP,SAO PEDRO,Importado da revisao - sugestao distancia (SAO PEDRO)
ALVARES FLORENCE,SP,VOTUPORANGA,Importado da revisao - sugestao distancia (VOTUPORANGA)
ALVARES MACHADO,SP,PRESIDENTE PRUDENTE,Importado da revisao - sugestao distancia (PRESIDENTE PRUDENTE)
ALVARO DE CARVALHO,SP,GARCA,Importado da revisao - sugestao distancia (GARCA)
OLEO,SP,CERQUEIRA CESAR,Importado da revisao - sugestao distancia (CERQUEIRA CESAR)
